Degree,Image Index
89.9, _Campo2022-03-TM_0000SET_000_DJI_0101.TIF
89.7, _Campo2022-03-TM_0000SET_000_DJI_0111.TIF
89.7, _Campo2022-03-TM_0000SET_000_DJI_0121.TIF
90.0, _Campo2022-03-TM_0000SET_000_DJI_0131.TIF
89.9, _Campo2022-03-TM_0000SET_000_DJI_0141.TIF
90.0, _Campo2022-03-TM_0000SET_000_DJI_0151.TIF
90.0, _Campo2022-03-TM_0000SET_000_DJI_0161.TIF
89.9, _Campo2022-03-TM_0000SET_000_DJI_0171.TIF
90.0, _Campo2022-03-TM_0000SET_000_DJI_0181.TIF
89.9, _Campo2022-03-TM_0000SET_000_DJI_0191.TIF
90.0, _Campo2022-03-TM_0000SET_000_DJI_0201.TIF
90.0, _Campo2022-03-TM_0000SET_000_DJI_0211.TIF
89.9, _Campo2022-03-TM_0000SET_000_DJI_0221.TIF
78.9, _Campo2022-03-TM_0000SET_000_DJI_0231.TIF
89.2, _Campo2022-03-TM_0000SET_000_DJI_0261.TIF
89.2, _Campo2022-03-TM_0000SET_000_DJI_0271.TIF
89.2, _Campo2022-03-TM_0000SET_000_DJI_0281.TIF
89.2, _Campo2022-03-TM_0000SET_000_DJI_0291.TIF
87.6, _Campo2022-03-TM_0000SET_000_DJI_0301.TIF
87.6, _Campo2022-03-TM_0000SET_000_DJI_0311.TIF
90.0, _Campo2022-03-TM_0000SET_000_DJI_0341.TIF
89.9, _Campo2022-03-TM_0000SET_000_DJI_0351.TIF
89.9, _Campo2022-03-TM_0000SET_000_DJI_0361.TIF
89.9, _Campo2022-03-TM_0000SET_000_DJI_0371.TIF
90.0, _Campo2022-03-TM_0000SET_000_DJI_0381.TIF
90.0, _Campo2022-03-TM_0000SET_000_DJI_0391.TIF
89.9, _Campo2022-03-TM_0000SET_000_DJI_0401.TIF
90.0, _Campo2022-03-TM_0000SET_000_DJI_0411.TIF
90.0, _Campo2022-03-TM_0000SET_000_DJI_0421.TIF
89.9, _Campo2022-03-TM_0000SET_000_DJI_0431.TIF
90.0, _Campo2022-03-TM_0000SET_000_DJI_0441.TIF
89.9, _Campo2022-03-TM_0000SET_000_DJI_0451.TIF
90.0, _Campo2022-03-TM_0000SET_000_DJI_0461.TIF
45.7, _Campo2022-03-TM_0000SET_000_DJI_0491.TIF
89.9, _Campo2022-03-TM_0000SET_000_DJI_0501.TIF
89.9, _Campo2022-03-TM_0000SET_000_DJI_0511.TIF
90.0, _Campo2022-03-TM_0000SET_000_DJI_0521.TIF
90.0, _Campo2022-03-TM_0000SET_000_DJI_0531.TIF
89.9, _Campo2022-03-TM_0000SET_000_DJI_0541.TIF
89.9, _Campo2022-03-TM_0000SET_000_DJI_0551.TIF
90.0, _Campo2022-03-TM_0000SET_000_DJI_0561.TIF
90.0, _Campo2022-03-TM_0000SET_000_DJI_0571.TIF
89.9, _Campo2022-03-TM_0000SET_000_DJI_0581.TIF
90.0, _Campo2022-03-TM_0000SET_000_DJI_0591.TIF
90.0, _Campo2022-03-TM_0000SET_000_DJI_0601.TIF
90.0, _Campo2022-03-TM_0000SET_000_DJI_0611.TIF
89.9, _Campo2022-03-TM_0000SET_000_DJI_0641.TIF
90.0, _Campo2022-03-TM_0000SET_000_DJI_0651.TIF
90.0, _Campo2022-03-TM_0000SET_000_DJI_0661.TIF
90.0, _Campo2022-03-TM_0000SET_000_DJI_0671.TIF
89.9, _Campo2022-03-TM_0000SET_000_DJI_0681.TIF
89.9, _Campo2022-03-TM_0000SET_000_DJI_0691.TIF
89.9, _Campo2022-03-TM_0000SET_000_DJI_0701.TIF
90.0, _Campo2022-03-TM_0000SET_000_DJI_0711.TIF
90.0, _Campo2022-03-TM_0000SET_000_DJI_0721.TIF
89.9, _Campo2022-03-TM_0000SET_000_DJI_0731.TIF
89.9, _Campo2022-03-TM_0000SET_000_DJI_0751.TIF
89.9, _Campo2022-03-TM_0000SET_000_DJI_0761.TIF
90.0, _Campo2022-03-TM_0000SET_000_DJI_0771.TIF
89.9, _Campo2022-03-TM_0000SET_000_DJI_0781.TIF
89.9, _Campo2022-03-TM_0000SET_000_DJI_0791.TIF
89.9, _Campo2022-03-TM_0000SET_000_DJI_0811.TIF
90.0, _Campo2022-03-TM_0000SET_000_DJI_0821.TIF
90.0, _Campo2022-03-TM_0000SET_000_DJI_0831.TIF
89.9, _Campo2022-03-TM_0000SET_000_DJI_0841.TIF
89.9, _Campo2022-03-TM_0000SET_000_DJI_0851.TIF
90.0, _Campo2022-03-TM_0000SET_000_DJI_0861.TIF
89.9, _Campo2022-03-TM_0000SET_000_DJI_0871.TIF
89.9, _Campo2022-03-TM_0000SET_000_DJI_0881.TIF
89.9, _Campo2022-03-TM_0000SET_000_DJI_0891.TIF
90.0, _Campo2022-03-TM_0000SET_000_DJI_0901.TIF
89.9, _Campo2022-03-TM_0000SET_000_DJI_0911.TIF
90.0, _Campo2022-03-TM_0000SET_000_DJI_0921.TIF
89.9, _Campo2022-03-TM_0000SET_000_DJI_0931.TIF
89.9, _Campo2022-03-TM_0000SET_000_DJI_0941.TIF
90.0, _Campo2022-03-TM_0000SET_000_DJI_0951.TIF
89.9, _Campo2022-03-TM_0000SET_000_DJI_0971.TIF
90.0, _Campo2022-03-TM_0000SET_000_DJI_0981.TIF
90.0, _Campo2022-03-TM_0000SET_000_DJI_0991.TIF
90.0, _Campo2022-03-TM_0000SET_000_DJI_1001.TIF
89.9, _Campo2022-03-TM_0000SET_000_DJI_1011.TIF
90.0, _Campo2022-03-TM_0000SET_000_DJI_1021.TIF
89.9, _Campo2022-03-TM_0000SET_000_DJI_1031.TIF
90.0, _Campo2022-03-TM_0000SET_000_DJI_1041.TIF
90.0, _Campo2022-03-TM_0000SET_000_DJI_1051.TIF
90.0, _Campo2022-03-TM_0000SET_000_DJI_1061.TIF
89.9, _Campo2022-03-TM_0000SET_000_DJI_1071.TIF
90.0, _Campo2022-03-TM_0000SET_000_DJI_1081.TIF
89.9, _Campo2022-03-TM_0000SET_000_DJI_1091.TIF
89.9, _Campo2022-03-TM_0000SET_000_DJI_1101.TIF
90.0, _Campo2022-03-TM_0000SET_000_DJI_1111.TIF
90.0, _Campo2022-03-TM_0000SET_000_DJI_1121.TIF
89.9, _Campo2022-03-TM_0000SET_000_DJI_1131.TIF
90.0, _Campo2022-03-TM_0000SET_000_DJI_1141.TIF
89.9, _Campo2022-03-TM_0000SET_000_DJI_1151.TIF
89.9, _Campo2022-03-TM_0000SET_000_DJI_1161.TIF
21.0, _Campo2022-03-TM_0000SET_not90_DJI_0241.TIF
19.0, _Campo2022-03-TM_0000SET_not90_DJI_0251.TIF
22.9, _Campo2022-03-TM_0000SET_not90_DJI_0321.TIF
22.9, _Campo2022-03-TM_0000SET_not90_DJI_0331.TIF
4.5, _Campo2022-03-TM_0000SET_not90_DJI_0471.TIF
14.0, _Campo2022-03-TM_0000SET_not90_DJI_0481.TIF
7.1, _Campo2022-03-TM_0000SET_not90_DJI_0621.TIF
18.1, _Campo2022-03-TM_0000SET_not90_DJI_0631.TIF
13.9, _Campo2022-03-TM_0000SET_not90_DJI_0741.TIF
17.6, _Campo2022-03-TM_0000SET_not90_DJI_0801.TIF
30.9, _Campo2022-03-TM_0000SET_not90_DJI_0961.TIF
56.5, _Campo2022-03-TM_0000SET_not90_DJI_1171.TIF
71.7, _Campo2022-03-TM_0000SET_not90_DJI_1181.TIF
59.0, _Campo2022-03-TM_0000SET_not90_DJI_1191.TIF
59.0, _Campo2022-03-TM_0000SET_not90_DJI_1201.TIF
89.9, _Campo2022-03-TM_0001SET_000_DJI_1261.TIF
89.9, _Campo2022-03-TM_0001SET_000_DJI_1271.TIF
90.0, _Campo2022-03-TM_0001SET_000_DJI_1281.TIF
90.0, _Campo2022-03-TM_0001SET_000_DJI_1291.TIF
89.9, _Campo2022-03-TM_0001SET_000_DJI_1301.TIF
89.9, _Campo2022-03-TM_0001SET_000_DJI_1311.TIF
90.0, _Campo2022-03-TM_0001SET_000_DJI_1321.TIF
89.9, _Campo2022-03-TM_0001SET_000_DJI_1331.TIF
90.0, _Campo2022-03-TM_0001SET_000_DJI_1341.TIF
89.9, _Campo2022-03-TM_0001SET_000_DJI_1351.TIF
89.9, _Campo2022-03-TM_0001SET_000_DJI_1361.TIF
90.0, _Campo2022-03-TM_0001SET_000_DJI_1371.TIF
89.9, _Campo2022-03-TM_0001SET_000_DJI_1381.TIF
89.9, _Campo2022-03-TM_0001SET_000_DJI_1391.TIF
90.0, _Campo2022-03-TM_0001SET_000_DJI_1401.TIF
90.0, _Campo2022-03-TM_0001SET_000_DJI_1411.TIF
89.9, _Campo2022-03-TM_0001SET_000_DJI_1421.TIF
90.0, _Campo2022-03-TM_0001SET_000_DJI_1431.TIF
90.0, _Campo2022-03-TM_0001SET_000_DJI_1441.TIF
89.9, _Campo2022-03-TM_0001SET_000_DJI_1451.TIF
89.9, _Campo2022-03-TM_0001SET_000_DJI_1461.TIF
89.9, _Campo2022-03-TM_0001SET_000_DJI_1471.TIF
90.0, _Campo2022-03-TM_0001SET_000_DJI_1481.TIF
89.9, _Campo2022-03-TM_0001SET_000_DJI_1491.TIF
89.9, _Campo2022-03-TM_0001SET_000_DJI_1501.TIF
89.9, _Campo2022-03-TM_0001SET_000_DJI_1511.TIF
90.0, _Campo2022-03-TM_0001SET_000_DJI_1521.TIF
90.0, _Campo2022-03-TM_0001SET_000_DJI_1531.TIF
89.9, _Campo2022-03-TM_0001SET_000_DJI_1541.TIF
89.9, _Campo2022-03-TM_0001SET_000_DJI_1551.TIF
90.0, _Campo2022-03-TM_0001SET_000_DJI_1561.TIF
90.0, _Campo2022-03-TM_0001SET_000_DJI_1571.TIF
89.9, _Campo2022-03-TM_0001SET_000_DJI_1581.TIF
89.9, _Campo2022-03-TM_0001SET_000_DJI_1591.TIF
89.9, _Campo2022-03-TM_0001SET_000_DJI_1601.TIF
57.9, _Campo2022-03-TM_0001SET_000_DJI_1611.TIF
89.9, _Campo2022-03-TM_0001SET_000_DJI_1641.TIF
89.9, _Campo2022-03-TM_0001SET_000_DJI_1651.TIF
89.9, _Campo2022-03-TM_0001SET_000_DJI_1661.TIF
90.0, _Campo2022-03-TM_0001SET_000_DJI_1671.TIF
89.9, _Campo2022-03-TM_0001SET_000_DJI_1681.TIF
89.9, _Campo2022-03-TM_0001SET_000_DJI_1691.TIF
90.0, _Campo2022-03-TM_0001SET_000_DJI_1701.TIF
89.9, _Campo2022-03-TM_0001SET_000_DJI_1711.TIF
90.0, _Campo2022-03-TM_0001SET_000_DJI_1721.TIF
89.9, _Campo2022-03-TM_0001SET_000_DJI_1731.TIF
90.0, _Campo2022-03-TM_0001SET_000_DJI_1741.TIF
90.0, _Campo2022-03-TM_0001SET_000_DJI_1751.TIF
90.0, _Campo2022-03-TM_0001SET_000_DJI_1761.TIF
90.0, _Campo2022-03-TM_0001SET_000_DJI_1771.TIF
89.9, _Campo2022-03-TM_0001SET_000_DJI_1781.TIF
89.9, _Campo2022-03-TM_0001SET_000_DJI_1791.TIF
90.0, _Campo2022-03-TM_0001SET_000_DJI_1811.TIF
89.9, _Campo2022-03-TM_0001SET_000_DJI_1821.TIF
89.9, _Campo2022-03-TM_0001SET_000_DJI_1831.TIF
90.0, _Campo2022-03-TM_0001SET_000_DJI_1841.TIF
90.0, _Campo2022-03-TM_0001SET_000_DJI_1851.TIF
90.0, _Campo2022-03-TM_0001SET_000_DJI_1861.TIF
90.0, _Campo2022-03-TM_0001SET_000_DJI_1871.TIF
90.0, _Campo2022-03-TM_0001SET_000_DJI_1881.TIF
89.9, _Campo2022-03-TM_0001SET_000_DJI_1891.TIF
89.9, _Campo2022-03-TM_0001SET_000_DJI_1901.TIF
89.9, _Campo2022-03-TM_0001SET_000_DJI_1911.TIF
90.0, _Campo2022-03-TM_0001SET_000_DJI_1921.TIF
89.9, _Campo2022-03-TM_0001SET_000_DJI_1931.TIF
90.0, _Campo2022-03-TM_0001SET_000_DJI_1941.TIF
90.0, _Campo2022-03-TM_0001SET_000_DJI_1951.TIF
73.3, _Campo2022-03-TM_0001SET_000_DJI_1961.TIF
90.0, _Campo2022-03-TM_0001SET_000_DJI_1971.TIF
90.0, _Campo2022-03-TM_0001SET_000_DJI_1981.TIF
89.9, _Campo2022-03-TM_0001SET_000_DJI_1991.TIF
89.9, _Campo2022-03-TM_0001SET_000_DJI_2001.TIF
89.9, _Campo2022-03-TM_0001SET_000_DJI_2011.TIF
89.9, _Campo2022-03-TM_0001SET_000_DJI_2021.TIF
90.0, _Campo2022-03-TM_0001SET_000_DJI_2041.TIF
90.0, _Campo2022-03-TM_0001SET_000_DJI_2051.TIF
44.9, _Campo2022-03-TM_0001SET_000_DJI_2111.TIF
89.9, _Campo2022-03-TM_0001SET_000_DJI_2151.TIF
90.0, _Campo2022-03-TM_0001SET_000_DJI_2161.TIF
90.0, _Campo2022-03-TM_0001SET_000_DJI_2171.TIF
89.9, _Campo2022-03-TM_0001SET_000_DJI_2181.TIF
89.9, _Campo2022-03-TM_0001SET_000_DJI_2191.TIF
89.9, _Campo2022-03-TM_0001SET_000_DJI_2201.TIF
90.0, _Campo2022-03-TM_0001SET_000_DJI_2211.TIF
89.9, _Campo2022-03-TM_0001SET_000_DJI_2221.TIF
77.9, _Campo2022-03-TM_0001SET_000_DJI_2231.TIF
90.0, _Campo2022-03-TM_0001SET_000_DJI_2241.TIF
89.9, _Campo2022-03-TM_0001SET_000_DJI_2251.TIF
89.9, _Campo2022-03-TM_0001SET_000_DJI_2261.TIF
90.0, _Campo2022-03-TM_0001SET_000_DJI_2271.TIF
89.9, _Campo2022-03-TM_0001SET_000_DJI_2281.TIF
89.9, _Campo2022-03-TM_0001SET_000_DJI_2291.TIF
90.0, _Campo2022-03-TM_0001SET_000_DJI_2301.TIF
90.0, _Campo2022-03-TM_0001SET_000_DJI_2311.TIF
90.0, _Campo2022-03-TM_0001SET_000_DJI_2321.TIF
89.9, _Campo2022-03-TM_0001SET_000_DJI_2331.TIF
90.0, _Campo2022-03-TM_0001SET_000_DJI_2341.TIF
89.9, _Campo2022-03-TM_0001SET_000_DJI_2351.TIF
89.9, _Campo2022-03-TM_0001SET_000_DJI_2361.TIF
89.9, _Campo2022-03-TM_0001SET_000_DJI_2371.TIF
90.0, _Campo2022-03-TM_0001SET_000_DJI_2381.TIF
89.9, _Campo2022-03-TM_0001SET_000_DJI_2391.TIF
89.9, _Campo2022-03-TM_0001SET_000_DJI_2401.TIF
89.9, _Campo2022-03-TM_0001SET_000_DJI_2411.TIF
89.9, _Campo2022-03-TM_0001SET_000_DJI_2421.TIF
89.9, _Campo2022-03-TM_0001SET_000_DJI_2431.TIF
90.0, _Campo2022-03-TM_0001SET_000_DJI_2441.TIF
89.9, _Campo2022-03-TM_0001SET_000_DJI_2451.TIF
90.0, _Campo2022-03-TM_0001SET_000_DJI_2461.TIF
89.9, _Campo2022-03-TM_0001SET_000_DJI_2471.TIF
90.0, _Campo2022-03-TM_0001SET_000_DJI_2481.TIF
89.9, _Campo2022-03-TM_0001SET_000_DJI_2491.TIF
90.0, _Campo2022-03-TM_0001SET_000_DJI_2501.TIF
89.9, _Campo2022-03-TM_0001SET_000_DJI_2511.TIF
89.9, _Campo2022-03-TM_0001SET_000_DJI_2521.TIF
89.9, _Campo2022-03-TM_0001SET_000_DJI_2531.TIF
89.9, _Campo2022-03-TM_0001SET_000_DJI_2541.TIF
90.0, _Campo2022-03-TM_0001SET_000_DJI_2551.TIF
90.0, _Campo2022-03-TM_0001SET_000_DJI_2561.TIF
89.9, _Campo2022-03-TM_0001SET_000_DJI_2571.TIF
90.0, _Campo2022-03-TM_0001SET_000_DJI_2581.TIF
89.9, _Campo2022-03-TM_0001SET_000_DJI_2591.TIF
89.9, _Campo2022-03-TM_0001SET_000_DJI_2601.TIF
90.0, _Campo2022-03-TM_0001SET_000_DJI_2611.TIF
89.9, _Campo2022-03-TM_0001SET_000_DJI_2621.TIF
28.1, _Campo2022-03-TM_0001SET_not90_DJI_1621.TIF
18.7, _Campo2022-03-TM_0001SET_not90_DJI_1631.TIF
17.8, _Campo2022-03-TM_0001SET_not90_DJI_1801.TIF
41.4, _Campo2022-03-TM_0001SET_not90_DJI_2031.TIF
17.7, _Campo2022-03-TM_0001SET_not90_DJI_2061.TIF
15.0, _Campo2022-03-TM_0001SET_not90_DJI_2071.TIF
15.0, _Campo2022-03-TM_0001SET_not90_DJI_2081.TIF
21.8, _Campo2022-03-TM_0001SET_not90_DJI_2091.TIF
32.1, _Campo2022-03-TM_0001SET_not90_DJI_2101.TIF
26.8, _Campo2022-03-TM_0001SET_not90_DJI_2121.TIF
6.9, _Campo2022-03-TM_0001SET_not90_DJI_2131.TIF
24.5, _Campo2022-03-TM_0001SET_not90_DJI_2141.TIF
90.0, _Campo2022-03-TM_0002SET_000_DJI_2801.TIF
90.0, _Campo2022-03-TM_0002SET_000_DJI_2811.TIF
89.9, _Campo2022-03-TM_0002SET_000_DJI_2821.TIF
90.0, _Campo2022-03-TM_0002SET_000_DJI_2831.TIF
90.0, _Campo2022-03-TM_0002SET_000_DJI_2841.TIF
90.0, _Campo2022-03-TM_0002SET_000_DJI_2851.TIF
90.0, _Campo2022-03-TM_0002SET_000_DJI_2861.TIF
89.9, _Campo2022-03-TM_0002SET_000_DJI_2871.TIF
90.0, _Campo2022-03-TM_0002SET_000_DJI_2881.TIF
89.9, _Campo2022-03-TM_0002SET_000_DJI_2891.TIF
89.9, _Campo2022-03-TM_0002SET_000_DJI_2901.TIF
89.9, _Campo2022-03-TM_0002SET_000_DJI_2911.TIF
90.0, _Campo2022-03-TM_0002SET_000_DJI_2921.TIF
90.0, _Campo2022-03-TM_0002SET_000_DJI_2931.TIF
89.9, _Campo2022-03-TM_0002SET_000_DJI_2941.TIF
89.9, _Campo2022-03-TM_0002SET_000_DJI_2951.TIF
90.0, _Campo2022-03-TM_0002SET_000_DJI_2961.TIF
90.0, _Campo2022-03-TM_0002SET_000_DJI_2971.TIF
89.9, _Campo2022-03-TM_0002SET_000_DJI_2981.TIF
89.9, _Campo2022-03-TM_0002SET_000_DJI_2991.TIF
89.9, _Campo2022-03-TM_0002SET_000_DJI_3001.TIF
90.0, _Campo2022-03-TM_0002SET_000_DJI_3011.TIF
89.9, _Campo2022-03-TM_0002SET_000_DJI_3021.TIF
89.9, _Campo2022-03-TM_0002SET_000_DJI_3031.TIF
89.9, _Campo2022-03-TM_0002SET_000_DJI_3041.TIF
90.0, _Campo2022-03-TM_0002SET_000_DJI_3051.TIF
90.0, _Campo2022-03-TM_0002SET_000_DJI_3061.TIF
90.0, _Campo2022-03-TM_0002SET_000_DJI_3091.TIF
90.0, _Campo2022-03-TM_0002SET_000_DJI_3101.TIF
89.9, _Campo2022-03-TM_0002SET_000_DJI_3111.TIF
90.0, _Campo2022-03-TM_0002SET_000_DJI_3121.TIF
89.9, _Campo2022-03-TM_0002SET_000_DJI_3131.TIF
90.0, _Campo2022-03-TM_0002SET_000_DJI_3151.TIF
90.0, _Campo2022-03-TM_0002SET_000_DJI_3161.TIF
90.0, _Campo2022-03-TM_0002SET_000_DJI_3171.TIF
90.0, _Campo2022-03-TM_0002SET_000_DJI_3191.TIF
89.9, _Campo2022-03-TM_0002SET_000_DJI_3201.TIF
90.0, _Campo2022-03-TM_0002SET_000_DJI_3211.TIF
89.9, _Campo2022-03-TM_0002SET_000_DJI_3221.TIF
89.9, _Campo2022-03-TM_0002SET_000_DJI_3231.TIF
90.0, _Campo2022-03-TM_0002SET_000_DJI_3241.TIF
90.0, _Campo2022-03-TM_0002SET_000_DJI_3251.TIF
89.9, _Campo2022-03-TM_0002SET_000_DJI_3261.TIF
90.0, _Campo2022-03-TM_0002SET_000_DJI_3271.TIF
89.9, _Campo2022-03-TM_0002SET_000_DJI_3281.TIF
89.9, _Campo2022-03-TM_0002SET_000_DJI_3291.TIF
90.0, _Campo2022-03-TM_0002SET_000_DJI_3301.TIF
89.9, _Campo2022-03-TM_0002SET_000_DJI_3311.TIF
90.0, _Campo2022-03-TM_0002SET_000_DJI_3321.TIF
89.9, _Campo2022-03-TM_0002SET_000_DJI_3331.TIF
90.0, _Campo2022-03-TM_0002SET_000_DJI_3341.TIF
90.0, _Campo2022-03-TM_0002SET_000_DJI_3351.TIF
90.0, _Campo2022-03-TM_0002SET_000_DJI_3361.TIF
90.0, _Campo2022-03-TM_0002SET_000_DJI_3371.TIF
89.9, _Campo2022-03-TM_0002SET_000_DJI_3381.TIF
89.9, _Campo2022-03-TM_0002SET_000_DJI_3391.TIF
89.9, _Campo2022-03-TM_0002SET_000_DJI_3401.TIF
89.9, _Campo2022-03-TM_0002SET_000_DJI_3411.TIF
90.0, _Campo2022-03-TM_0002SET_000_DJI_3421.TIF
90.0, _Campo2022-03-TM_0002SET_000_DJI_3431.TIF
90.0, _Campo2022-03-TM_0002SET_000_DJI_3441.TIF
90.0, _Campo2022-03-TM_0002SET_000_DJI_3451.TIF
89.9, _Campo2022-03-TM_0002SET_000_DJI_3461.TIF
89.9, _Campo2022-03-TM_0002SET_000_DJI_3471.TIF
89.9, _Campo2022-03-TM_0002SET_000_DJI_3481.TIF
90.0, _Campo2022-03-TM_0002SET_000_DJI_3491.TIF
89.9, _Campo2022-03-TM_0002SET_000_DJI_3501.TIF
90.0, _Campo2022-03-TM_0002SET_000_DJI_3511.TIF
90.0, _Campo2022-03-TM_0002SET_000_DJI_3521.TIF
90.0, _Campo2022-03-TM_0002SET_000_DJI_3531.TIF
90.0, _Campo2022-03-TM_0002SET_000_DJI_3541.TIF
89.9, _Campo2022-03-TM_0002SET_000_DJI_3551.TIF
90.0, _Campo2022-03-TM_0002SET_000_DJI_3561.TIF
89.9, _Campo2022-03-TM_0002SET_000_DJI_3571.TIF
89.9, _Campo2022-03-TM_0002SET_000_DJI_3581.TIF
89.9, _Campo2022-03-TM_0002SET_000_DJI_3591.TIF
90.0, _Campo2022-03-TM_0002SET_000_DJI_3601.TIF
90.0, _Campo2022-03-TM_0002SET_000_DJI_3611.TIF
90.0, _Campo2022-03-TM_0002SET_000_DJI_3621.TIF
89.9, _Campo2022-03-TM_0002SET_000_DJI_3631.TIF
90.0, _Campo2022-03-TM_0002SET_000_DJI_3641.TIF
89.9, _Campo2022-03-TM_0002SET_000_DJI_3651.TIF
40.4, _Campo2022-03-TM_0002SET_000_DJI_3681.TIF
89.9, _Campo2022-03-TM_0002SET_000_DJI_3691.TIF
89.9, _Campo2022-03-TM_0002SET_000_DJI_3701.TIF
89.9, _Campo2022-03-TM_0002SET_000_DJI_3711.TIF
89.9, _Campo2022-03-TM_0002SET_000_DJI_3721.TIF
90.0, _Campo2022-03-TM_0002SET_000_DJI_3751.TIF
89.9, _Campo2022-03-TM_0002SET_000_DJI_3761.TIF
90.0, _Campo2022-03-TM_0002SET_000_DJI_3771.TIF
89.9, _Campo2022-03-TM_0002SET_000_DJI_3781.TIF
89.9, _Campo2022-03-TM_0002SET_000_DJI_3791.TIF
89.9, _Campo2022-03-TM_0002SET_000_DJI_3801.TIF
90.0, _Campo2022-03-TM_0002SET_000_DJI_3811.TIF
89.9, _Campo2022-03-TM_0002SET_000_DJI_3821.TIF
89.9, _Campo2022-03-TM_0002SET_000_DJI_3831.TIF
89.9, _Campo2022-03-TM_0002SET_000_DJI_3841.TIF
90.0, _Campo2022-03-TM_0002SET_000_DJI_3851.TIF
89.9, _Campo2022-03-TM_0002SET_000_DJI_3861.TIF
89.9, _Campo2022-03-TM_0002SET_000_DJI_3871.TIF
90.0, _Campo2022-03-TM_0002SET_000_DJI_3881.TIF
90.0, _Campo2022-03-TM_0002SET_000_DJI_3891.TIF
90.0, _Campo2022-03-TM_0002SET_000_DJI_3901.TIF
90.0, _Campo2022-03-TM_0002SET_000_DJI_3931.TIF
90.0, _Campo2022-03-TM_0002SET_000_DJI_3941.TIF
89.9, _Campo2022-03-TM_0002SET_000_DJI_3951.TIF
90.0, _Campo2022-03-TM_0002SET_000_DJI_3961.TIF
89.9, _Campo2022-03-TM_0002SET_000_DJI_3971.TIF
90.0, _Campo2022-03-TM_0002SET_000_DJI_3991.TIF
89.9, _Campo2022-03-TM_0002SET_000_DJI_4001.TIF
90.0, _Campo2022-03-TM_0002SET_000_DJI_4011.TIF
89.9, _Campo2022-03-TM_0002SET_000_DJI_4021.TIF
90.0, _Campo2022-03-TM_0002SET_000_DJI_4031.TIF
64.9, _Campo2022-03-TM_0002SET_000_DJI_4041.TIF
52.6, _Campo2022-03-TM_0002SET_000_DJI_4061.TIF
89.9, _Campo2022-03-TM_0002SET_000_DJI_4091.TIF
89.9, _Campo2022-03-TM_0002SET_000_DJI_4101.TIF
90.0, _Campo2022-03-TM_0002SET_000_DJI_4171.TIF
89.9, _Campo2022-03-TM_0002SET_000_DJI_4181.TIF
89.9, _Campo2022-03-TM_0002SET_000_DJI_4191.TIF
76.4, _Campo2022-03-TM_0002SET_000_DJI_4201.TIF
89.9, _Campo2022-03-TM_0002SET_000_DJI_4211.TIF
89.9, _Campo2022-03-TM_0002SET_000_DJI_4221.TIF
90.0, _Campo2022-03-TM_0002SET_000_DJI_4231.TIF
90.0, _Campo2022-03-TM_0002SET_000_DJI_4241.TIF
89.9, _Campo2022-03-TM_0002SET_000_DJI_4251.TIF
90.0, _Campo2022-03-TM_0002SET_000_DJI_4261.TIF
90.0, _Campo2022-03-TM_0002SET_000_DJI_4271.TIF
90.0, _Campo2022-03-TM_0002SET_000_DJI_4281.TIF
90.0, _Campo2022-03-TM_0002SET_000_DJI_4291.TIF
90.0, _Campo2022-03-TM_0002SET_000_DJI_4301.TIF
90.0, _Campo2022-03-TM_0002SET_000_DJI_4311.TIF
90.0, _Campo2022-03-TM_0002SET_000_DJI_4321.TIF
89.9, _Campo2022-03-TM_0002SET_000_DJI_4331.TIF
89.9, _Campo2022-03-TM_0002SET_000_DJI_4341.TIF
90.0, _Campo2022-03-TM_0002SET_000_DJI_4351.TIF
90.0, _Campo2022-03-TM_0002SET_000_DJI_4361.TIF
89.9, _Campo2022-03-TM_0002SET_000_DJI_4371.TIF
90.0, _Campo2022-03-TM_0002SET_000_DJI_4381.TIF
90.0, _Campo2022-03-TM_0002SET_000_DJI_4391.TIF
90.0, _Campo2022-03-TM_0002SET_000_DJI_4401.TIF
89.9, _Campo2022-03-TM_0002SET_000_DJI_4411.TIF
89.9, _Campo2022-03-TM_0002SET_000_DJI_4421.TIF
90.0, _Campo2022-03-TM_0002SET_000_DJI_4431.TIF
89.9, _Campo2022-03-TM_0002SET_000_DJI_4441.TIF
89.9, _Campo2022-03-TM_0002SET_000_DJI_4451.TIF
90.0, _Campo2022-03-TM_0002SET_000_DJI_4461.TIF
58.2, _Campo2022-03-TM_0002SET_000_DJI_4471.TIF
58.2, _Campo2022-03-TM_0002SET_000_DJI_4481.TIF
58.2, _Campo2022-03-TM_0002SET_000_DJI_4491.TIF
58.2, _Campo2022-03-TM_0002SET_000_DJI_4501.TIF
58.2, _Campo2022-03-TM_0002SET_000_DJI_4511.TIF
90.0, _Campo2022-03-TM_0002SET_000_DJI_4521.TIF
90.0, _Campo2022-03-TM_0002SET_000_DJI_4531.TIF
90.0, _Campo2022-03-TM_0002SET_000_DJI_4541.TIF
90.0, _Campo2022-03-TM_0002SET_000_DJI_4551.TIF
89.9, _Campo2022-03-TM_0002SET_000_DJI_4561.TIF
89.9, _Campo2022-03-TM_0002SET_000_DJI_4571.TIF
89.9, _Campo2022-03-TM_0002SET_000_DJI_4581.TIF
90.0, _Campo2022-03-TM_0002SET_000_DJI_4591.TIF
90.0, _Campo2022-03-TM_0002SET_000_DJI_4601.TIF
89.9, _Campo2022-03-TM_0002SET_000_DJI_4611.TIF
89.9, _Campo2022-03-TM_0002SET_000_DJI_4621.TIF
90.0, _Campo2022-03-TM_0002SET_000_DJI_4631.TIF
89.9, _Campo2022-03-TM_0002SET_000_DJI_4641.TIF
89.9, _Campo2022-03-TM_0002SET_000_DJI_4651.TIF
89.9, _Campo2022-03-TM_0002SET_000_DJI_4661.TIF
89.9, _Campo2022-03-TM_0002SET_000_DJI_4671.TIF
89.9, _Campo2022-03-TM_0002SET_000_DJI_4681.TIF
90.0, _Campo2022-03-TM_0002SET_000_DJI_4691.TIF
89.9, _Campo2022-03-TM_0002SET_000_DJI_4701.TIF
90.0, _Campo2022-03-TM_0002SET_000_DJI_4711.TIF
90.0, _Campo2022-03-TM_0002SET_000_DJI_4721.TIF
49.8, _Campo2022-03-TM_0002SET_000_DJI_4731.TIF
28.3, _Campo2022-03-TM_0002SET_not90_DJI_3071.TIF
21.1, _Campo2022-03-TM_0002SET_not90_DJI_3081.TIF
29.1, _Campo2022-03-TM_0002SET_not90_DJI_3141.TIF
37.4, _Campo2022-03-TM_0002SET_not90_DJI_3181.TIF
16.2, _Campo2022-03-TM_0002SET_not90_DJI_3661.TIF
16.2, _Campo2022-03-TM_0002SET_not90_DJI_3671.TIF
20.1, _Campo2022-03-TM_0002SET_not90_DJI_3731.TIF
20.1, _Campo2022-03-TM_0002SET_not90_DJI_3741.TIF
35.4, _Campo2022-03-TM_0002SET_not90_DJI_3911.TIF
35.4, _Campo2022-03-TM_0002SET_not90_DJI_3921.TIF
55.8, _Campo2022-03-TM_0002SET_not90_DJI_3981.TIF
24.6, _Campo2022-03-TM_0002SET_not90_DJI_4051.TIF
35.9, _Campo2022-03-TM_0002SET_not90_DJI_4071.TIF
33.6, _Campo2022-03-TM_0002SET_not90_DJI_4081.TIF
39.4, _Campo2022-03-TM_0002SET_not90_DJI_4111.TIF
89.9, _Campo2022-03-TM_0002SET_not90_DJI_4121.TIF
90.0, _Campo2022-03-TM_0002SET_not90_DJI_4131.TIF
89.9, _Campo2022-03-TM_0002SET_not90_DJI_4141.TIF
89.9, _Campo2022-03-TM_0002SET_not90_DJI_4151.TIF
90.0, _Campo2022-03-TM_0002SET_not90_DJI_4161.TIF
3.1, _Campo2022-03-TM_0002SET_not90_DJI_4741.TIF
31.3, _Campo2022-03-TM_0002SET_not90_DJI_4751.TIF
8.0, _Campo2022-03-TM_0002SET_not90_DJI_4761.TIF
90.0, _Campo2022-03-TM_0003SET_000_DJI_4901.TIF
90.0, _Campo2022-03-TM_0003SET_000_DJI_4911.TIF
90.0, _Campo2022-03-TM_0003SET_000_DJI_4921.TIF
89.9, _Campo2022-03-TM_0003SET_000_DJI_4931.TIF
90.0, _Campo2022-03-TM_0003SET_000_DJI_4941.TIF
89.9, _Campo2022-03-TM_0003SET_000_DJI_4951.TIF
90.0, _Campo2022-03-TM_0003SET_000_DJI_4961.TIF
89.9, _Campo2022-03-TM_0003SET_000_DJI_4971.TIF
90.0, _Campo2022-03-TM_0003SET_000_DJI_4981.TIF
89.9, _Campo2022-03-TM_0003SET_000_DJI_4991.TIF
90.0, _Campo2022-03-TM_0003SET_000_DJI_5001.TIF
89.9, _Campo2022-03-TM_0003SET_000_DJI_5011.TIF
90.0, _Campo2022-03-TM_0003SET_000_DJI_5021.TIF
89.9, _Campo2022-03-TM_0003SET_000_DJI_5031.TIF
90.0, _Campo2022-03-TM_0003SET_000_DJI_5041.TIF
90.0, _Campo2022-03-TM_0003SET_000_DJI_5051.TIF
90.0, _Campo2022-03-TM_0003SET_000_DJI_5061.TIF
89.9, _Campo2022-03-TM_0003SET_000_DJI_5071.TIF
90.0, _Campo2022-03-TM_0003SET_000_DJI_5081.TIF
89.9, _Campo2022-03-TM_0003SET_000_DJI_5091.TIF
89.9, _Campo2022-03-TM_0003SET_000_DJI_5101.TIF
90.0, _Campo2022-03-TM_0003SET_000_DJI_5111.TIF
90.0, _Campo2022-03-TM_0003SET_000_DJI_5121.TIF
90.0, _Campo2022-03-TM_0003SET_000_DJI_5131.TIF
90.0, _Campo2022-03-TM_0003SET_000_DJI_5151.TIF
89.9, _Campo2022-03-TM_0003SET_000_DJI_5161.TIF
90.0, _Campo2022-03-TM_0003SET_000_DJI_5171.TIF
76.2, _Campo2022-03-TM_0003SET_000_DJI_5181.TIF
90.0, _Campo2022-03-TM_0003SET_000_DJI_5191.TIF
89.9, _Campo2022-03-TM_0003SET_000_DJI_5201.TIF
90.0, _Campo2022-03-TM_0003SET_000_DJI_5211.TIF
90.0, _Campo2022-03-TM_0003SET_000_DJI_5221.TIF
89.9, _Campo2022-03-TM_0003SET_000_DJI_5231.TIF
89.9, _Campo2022-03-TM_0003SET_000_DJI_5291.TIF
90.0, _Campo2022-03-TM_0003SET_000_DJI_5301.TIF
90.0, _Campo2022-03-TM_0003SET_000_DJI_5311.TIF
89.9, _Campo2022-03-TM_0003SET_000_DJI_5321.TIF
89.9, _Campo2022-03-TM_0003SET_000_DJI_5331.TIF
89.9, _Campo2022-03-TM_0003SET_000_DJI_5341.TIF
89.9, _Campo2022-03-TM_0003SET_000_DJI_5351.TIF
90.0, _Campo2022-03-TM_0003SET_000_DJI_5361.TIF
90.0, _Campo2022-03-TM_0003SET_000_DJI_5371.TIF
90.0, _Campo2022-03-TM_0003SET_000_DJI_5381.TIF
89.9, _Campo2022-03-TM_0003SET_000_DJI_5391.TIF
90.0, _Campo2022-03-TM_0003SET_000_DJI_5401.TIF
89.9, _Campo2022-03-TM_0003SET_000_DJI_5411.TIF
89.9, _Campo2022-03-TM_0003SET_000_DJI_5421.TIF
90.0, _Campo2022-03-TM_0003SET_000_DJI_5431.TIF
89.9, _Campo2022-03-TM_0003SET_000_DJI_5441.TIF
89.9, _Campo2022-03-TM_0003SET_000_DJI_5451.TIF
90.0, _Campo2022-03-TM_0003SET_000_DJI_5461.TIF
89.9, _Campo2022-03-TM_0003SET_000_DJI_5471.TIF
90.0, _Campo2022-03-TM_0003SET_000_DJI_5481.TIF
90.0, _Campo2022-03-TM_0003SET_000_DJI_5491.TIF
89.9, _Campo2022-03-TM_0003SET_000_DJI_5501.TIF
90.0, _Campo2022-03-TM_0003SET_000_DJI_5511.TIF
90.0, _Campo2022-03-TM_0003SET_000_DJI_5521.TIF
90.0, _Campo2022-03-TM_0003SET_000_DJI_5531.TIF
90.0, _Campo2022-03-TM_0003SET_000_DJI_5541.TIF
90.0, _Campo2022-03-TM_0003SET_000_DJI_5551.TIF
89.9, _Campo2022-03-TM_0003SET_000_DJI_5561.TIF
90.0, _Campo2022-03-TM_0003SET_000_DJI_5571.TIF
89.9, _Campo2022-03-TM_0003SET_000_DJI_5581.TIF
89.9, _Campo2022-03-TM_0003SET_000_DJI_5591.TIF
89.9, _Campo2022-03-TM_0003SET_000_DJI_5601.TIF
90.0, _Campo2022-03-TM_0003SET_000_DJI_5611.TIF
90.0, _Campo2022-03-TM_0003SET_000_DJI_5621.TIF
89.9, _Campo2022-03-TM_0003SET_000_DJI_5631.TIF
90.0, _Campo2022-03-TM_0003SET_000_DJI_5641.TIF
89.9, _Campo2022-03-TM_0003SET_000_DJI_5661.TIF
89.9, _Campo2022-03-TM_0003SET_000_DJI_5671.TIF
89.9, _Campo2022-03-TM_0003SET_000_DJI_5681.TIF
89.9, _Campo2022-03-TM_0003SET_000_DJI_5691.TIF
89.9, _Campo2022-03-TM_0003SET_000_DJI_5701.TIF
90.0, _Campo2022-03-TM_0003SET_000_DJI_5711.TIF
90.0, _Campo2022-03-TM_0003SET_000_DJI_5721.TIF
89.9, _Campo2022-03-TM_0003SET_000_DJI_5731.TIF
90.0, _Campo2022-03-TM_0003SET_000_DJI_5741.TIF
90.0, _Campo2022-03-TM_0003SET_000_DJI_5751.TIF
90.0, _Campo2022-03-TM_0003SET_000_DJI_5761.TIF
90.0, _Campo2022-03-TM_0003SET_000_DJI_5771.TIF
90.0, _Campo2022-03-TM_0003SET_000_DJI_5781.TIF
90.0, _Campo2022-03-TM_0003SET_000_DJI_5791.TIF
90.0, _Campo2022-03-TM_0003SET_000_DJI_5801.TIF
90.0, _Campo2022-03-TM_0003SET_000_DJI_5811.TIF
89.9, _Campo2022-03-TM_0003SET_000_DJI_5821.TIF
90.0, _Campo2022-03-TM_0003SET_000_DJI_5831.TIF
90.0, _Campo2022-03-TM_0003SET_000_DJI_5841.TIF
90.0, _Campo2022-03-TM_0003SET_000_DJI_5851.TIF
90.0, _Campo2022-03-TM_0003SET_000_DJI_5861.TIF
89.9, _Campo2022-03-TM_0003SET_000_DJI_5871.TIF
90.0, _Campo2022-03-TM_0003SET_000_DJI_5881.TIF
90.0, _Campo2022-03-TM_0003SET_000_DJI_5891.TIF
90.0, _Campo2022-03-TM_0003SET_000_DJI_5901.TIF
89.9, _Campo2022-03-TM_0003SET_000_DJI_5911.TIF
89.9, _Campo2022-03-TM_0003SET_000_DJI_5921.TIF
89.9, _Campo2022-03-TM_0003SET_000_DJI_5931.TIF
89.9, _Campo2022-03-TM_0003SET_000_DJI_5941.TIF
89.9, _Campo2022-03-TM_0003SET_000_DJI_5951.TIF
90.0, _Campo2022-03-TM_0003SET_000_DJI_5961.TIF
89.9, _Campo2022-03-TM_0003SET_000_DJI_5971.TIF
90.0, _Campo2022-03-TM_0003SET_000_DJI_5981.TIF
89.9, _Campo2022-03-TM_0003SET_000_DJI_5991.TIF
90.0, _Campo2022-03-TM_0003SET_000_DJI_6001.TIF
90.0, _Campo2022-03-TM_0003SET_000_DJI_6011.TIF
90.0, _Campo2022-03-TM_0003SET_000_DJI_6021.TIF
89.9, _Campo2022-03-TM_0003SET_000_DJI_6031.TIF
90.0, _Campo2022-03-TM_0003SET_000_DJI_6041.TIF
90.0, _Campo2022-03-TM_0003SET_000_DJI_6051.TIF
89.9, _Campo2022-03-TM_0003SET_000_DJI_6061.TIF
90.0, _Campo2022-03-TM_0003SET_000_DJI_6071.TIF
89.9, _Campo2022-03-TM_0003SET_000_DJI_6081.TIF
89.9, _Campo2022-03-TM_0003SET_000_DJI_6091.TIF
89.9, _Campo2022-03-TM_0003SET_000_DJI_6101.TIF
89.9, _Campo2022-03-TM_0003SET_000_DJI_6111.TIF
90.0, _Campo2022-03-TM_0003SET_000_DJI_6121.TIF
90.0, _Campo2022-03-TM_0003SET_000_DJI_6131.TIF
90.0, _Campo2022-03-TM_0003SET_000_DJI_6141.TIF
89.9, _Campo2022-03-TM_0003SET_000_DJI_6151.TIF
90.0, _Campo2022-03-TM_0003SET_000_DJI_6161.TIF
90.0, _Campo2022-03-TM_0003SET_000_DJI_6171.TIF
90.0, _Campo2022-03-TM_0003SET_000_DJI_6181.TIF
72.6, _Campo2022-03-TM_0003SET_000_DJI_6191.TIF
72.6, _Campo2022-03-TM_0003SET_000_DJI_6201.TIF
29.5, _Campo2022-03-TM_0003SET_000_DJI_6211.TIF
30.5, _Campo2022-03-TM_0003SET_000_DJI_6221.TIF
55.1, _Campo2022-03-TM_0003SET_000_DJI_6231.TIF
89.9, _Campo2022-03-TM_0003SET_000_DJI_6241.TIF
89.9, _Campo2022-03-TM_0003SET_000_DJI_6251.TIF
90.0, _Campo2022-03-TM_0003SET_000_DJI_6261.TIF
89.9, _Campo2022-03-TM_0003SET_000_DJI_6271.TIF
90.0, _Campo2022-03-TM_0003SET_000_DJI_6281.TIF
90.0, _Campo2022-03-TM_0003SET_000_DJI_6291.TIF
84.9, _Campo2022-03-TM_0003SET_000_DJI_6301.TIF
80.3, _Campo2022-03-TM_0003SET_000_DJI_6311.TIF
75.0, _Campo2022-03-TM_0003SET_000_DJI_6321.TIF
20.5, _Campo2022-03-TM_0003SET_not90_DJI_5141.TIF
11.9, _Campo2022-03-TM_0003SET_not90_DJI_5241.TIF
22.7, _Campo2022-03-TM_0003SET_not90_DJI_5251.TIF
22.7, _Campo2022-03-TM_0003SET_not90_DJI_5261.TIF
41.3, _Campo2022-03-TM_0003SET_not90_DJI_5271.TIF
41.3, _Campo2022-03-TM_0003SET_not90_DJI_5281.TIF
24.5, _Campo2022-03-TM_0003SET_not90_DJI_5651.TIF
90.0, _Campo2022-03-TM_0004SET_000_DJI_6471.TIF
89.9, _Campo2022-03-TM_0004SET_000_DJI_6481.TIF
90.0, _Campo2022-03-TM_0004SET_000_DJI_6491.TIF
68.4, _Campo2022-03-TM_0004SET_000_DJI_6501.TIF
68.4, _Campo2022-03-TM_0004SET_000_DJI_6511.TIF
68.4, _Campo2022-03-TM_0004SET_000_DJI_6521.TIF
68.4, _Campo2022-03-TM_0004SET_000_DJI_6531.TIF
68.4, _Campo2022-03-TM_0004SET_000_DJI_6541.TIF
68.4, _Campo2022-03-TM_0004SET_000_DJI_6551.TIF
68.4, _Campo2022-03-TM_0004SET_000_DJI_6561.TIF
68.4, _Campo2022-03-TM_0004SET_000_DJI_6571.TIF
68.4, _Campo2022-03-TM_0004SET_000_DJI_6581.TIF
68.4, _Campo2022-03-TM_0004SET_000_DJI_6591.TIF
68.4, _Campo2022-03-TM_0004SET_000_DJI_6601.TIF
68.4, _Campo2022-03-TM_0004SET_000_DJI_6611.TIF
68.4, _Campo2022-03-TM_0004SET_000_DJI_6621.TIF
68.4, _Campo2022-03-TM_0004SET_000_DJI_6631.TIF
68.4, _Campo2022-03-TM_0004SET_000_DJI_6641.TIF
68.4, _Campo2022-03-TM_0004SET_000_DJI_6651.TIF
68.4, _Campo2022-03-TM_0004SET_000_DJI_6661.TIF
68.4, _Campo2022-03-TM_0004SET_000_DJI_6671.TIF
68.4, _Campo2022-03-TM_0004SET_000_DJI_6681.TIF
68.4, _Campo2022-03-TM_0004SET_000_DJI_6691.TIF
68.4, _Campo2022-03-TM_0004SET_000_DJI_6701.TIF
68.4, _Campo2022-03-TM_0004SET_000_DJI_6711.TIF
68.4, _Campo2022-03-TM_0004SET_000_DJI_6721.TIF
68.4, _Campo2022-03-TM_0004SET_000_DJI_6731.TIF
68.4, _Campo2022-03-TM_0004SET_000_DJI_6741.TIF
68.4, _Campo2022-03-TM_0004SET_000_DJI_6751.TIF
68.4, _Campo2022-03-TM_0004SET_000_DJI_6761.TIF
68.4, _Campo2022-03-TM_0004SET_000_DJI_6771.TIF
68.4, _Campo2022-03-TM_0004SET_000_DJI_6781.TIF
68.4, _Campo2022-03-TM_0004SET_000_DJI_6791.TIF
68.4, _Campo2022-03-TM_0004SET_000_DJI_6801.TIF
68.4, _Campo2022-03-TM_0004SET_000_DJI_6811.TIF
68.4, _Campo2022-03-TM_0004SET_000_DJI_6821.TIF
68.4, _Campo2022-03-TM_0004SET_000_DJI_6831.TIF
68.4, _Campo2022-03-TM_0004SET_000_DJI_6841.TIF
68.4, _Campo2022-03-TM_0004SET_000_DJI_6851.TIF
68.4, _Campo2022-03-TM_0004SET_000_DJI_6861.TIF
68.4, _Campo2022-03-TM_0004SET_000_DJI_6871.TIF
68.4, _Campo2022-03-TM_0004SET_000_DJI_6881.TIF
68.4, _Campo2022-03-TM_0004SET_000_DJI_6891.TIF
68.4, _Campo2022-03-TM_0004SET_000_DJI_6901.TIF
68.4, _Campo2022-03-TM_0004SET_000_DJI_6911.TIF
68.4, _Campo2022-03-TM_0004SET_000_DJI_6921.TIF
68.4, _Campo2022-03-TM_0004SET_000_DJI_6931.TIF
59.8, _Campo2022-03-TM_0004SET_000_DJI_6941.TIF
59.8, _Campo2022-03-TM_0004SET_000_DJI_6951.TIF
59.8, _Campo2022-03-TM_0004SET_000_DJI_6961.TIF
63.5, _Campo2022-03-TM_0004SET_000_DJI_6971.TIF
63.5, _Campo2022-03-TM_0004SET_000_DJI_6981.TIF
68.8, _Campo2022-03-TM_0004SET_000_DJI_6991.TIF
68.7, _Campo2022-03-TM_0004SET_000_DJI_7001.TIF
68.8, _Campo2022-03-TM_0004SET_000_DJI_7011.TIF
68.8, _Campo2022-03-TM_0004SET_000_DJI_7021.TIF
68.8, _Campo2022-03-TM_0004SET_000_DJI_7031.TIF
68.8, _Campo2022-03-TM_0004SET_000_DJI_7041.TIF
68.8, _Campo2022-03-TM_0004SET_000_DJI_7051.TIF
68.8, _Campo2022-03-TM_0004SET_000_DJI_7061.TIF
68.8, _Campo2022-03-TM_0004SET_000_DJI_7071.TIF
68.8, _Campo2022-03-TM_0004SET_000_DJI_7081.TIF
68.8, _Campo2022-03-TM_0004SET_000_DJI_7091.TIF
68.8, _Campo2022-03-TM_0004SET_000_DJI_7101.TIF
68.8, _Campo2022-03-TM_0004SET_000_DJI_7111.TIF
68.8, _Campo2022-03-TM_0004SET_000_DJI_7121.TIF
68.8, _Campo2022-03-TM_0004SET_000_DJI_7131.TIF
68.8, _Campo2022-03-TM_0004SET_000_DJI_7141.TIF
68.8, _Campo2022-03-TM_0004SET_000_DJI_7151.TIF
68.8, _Campo2022-03-TM_0004SET_000_DJI_7161.TIF
68.7, _Campo2022-03-TM_0004SET_000_DJI_7171.TIF
68.8, _Campo2022-03-TM_0004SET_000_DJI_7181.TIF
68.8, _Campo2022-03-TM_0004SET_000_DJI_7191.TIF
68.8, _Campo2022-03-TM_0004SET_000_DJI_7201.TIF
68.8, _Campo2022-03-TM_0004SET_000_DJI_7211.TIF
68.8, _Campo2022-03-TM_0004SET_000_DJI_7221.TIF
68.7, _Campo2022-03-TM_0004SET_000_DJI_7231.TIF
68.8, _Campo2022-03-TM_0004SET_000_DJI_7241.TIF
68.8, _Campo2022-03-TM_0004SET_000_DJI_7251.TIF
68.8, _Campo2022-03-TM_0004SET_000_DJI_7261.TIF
68.8, _Campo2022-03-TM_0004SET_000_DJI_7271.TIF
68.8, _Campo2022-03-TM_0004SET_000_DJI_7281.TIF
68.8, _Campo2022-03-TM_0004SET_000_DJI_7291.TIF
68.8, _Campo2022-03-TM_0004SET_000_DJI_7301.TIF
66.5, _Campo2022-03-TM_0004SET_000_DJI_7311.TIF
66.5, _Campo2022-03-TM_0004SET_000_DJI_7321.TIF
66.5, _Campo2022-03-TM_0004SET_000_DJI_7331.TIF
66.5, _Campo2022-03-TM_0004SET_000_DJI_7341.TIF
68.6, _Campo2022-03-TM_0004SET_000_DJI_7351.TIF
74.7, _Campo2022-03-TM_0004SET_000_DJI_7361.TIF
70.9, _Campo2022-03-TM_0004SET_000_DJI_7371.TIF
70.9, _Campo2022-03-TM_0004SET_000_DJI_7381.TIF
70.9, _Campo2022-03-TM_0004SET_000_DJI_7391.TIF
70.9, _Campo2022-03-TM_0004SET_000_DJI_7401.TIF
70.9, _Campo2022-03-TM_0004SET_000_DJI_7411.TIF
70.9, _Campo2022-03-TM_0004SET_000_DJI_7421.TIF
70.9, _Campo2022-03-TM_0004SET_000_DJI_7431.TIF
70.9, _Campo2022-03-TM_0004SET_000_DJI_7441.TIF
70.9, _Campo2022-03-TM_0004SET_000_DJI_7451.TIF
70.9, _Campo2022-03-TM_0004SET_000_DJI_7461.TIF
70.9, _Campo2022-03-TM_0004SET_000_DJI_7471.TIF
70.9, _Campo2022-03-TM_0004SET_000_DJI_7481.TIF
70.9, _Campo2022-03-TM_0004SET_000_DJI_7491.TIF
70.9, _Campo2022-03-TM_0004SET_000_DJI_7501.TIF
70.9, _Campo2022-03-TM_0004SET_000_DJI_7511.TIF
70.9, _Campo2022-03-TM_0004SET_000_DJI_7521.TIF
70.9, _Campo2022-03-TM_0004SET_000_DJI_7531.TIF
70.9, _Campo2022-03-TM_0004SET_000_DJI_7541.TIF
70.9, _Campo2022-03-TM_0004SET_000_DJI_7551.TIF
70.9, _Campo2022-03-TM_0004SET_000_DJI_7561.TIF
70.9, _Campo2022-03-TM_0004SET_000_DJI_7571.TIF
70.9, _Campo2022-03-TM_0004SET_000_DJI_7581.TIF
70.9, _Campo2022-03-TM_0004SET_000_DJI_7591.TIF
70.9, _Campo2022-03-TM_0004SET_000_DJI_7601.TIF
70.9, _Campo2022-03-TM_0004SET_000_DJI_7611.TIF
70.9, _Campo2022-03-TM_0004SET_000_DJI_7621.TIF
70.9, _Campo2022-03-TM_0004SET_000_DJI_7631.TIF
70.9, _Campo2022-03-TM_0004SET_000_DJI_7641.TIF
70.9, _Campo2022-03-TM_0004SET_000_DJI_7651.TIF
70.9, _Campo2022-03-TM_0004SET_000_DJI_7661.TIF
70.9, _Campo2022-03-TM_0004SET_000_DJI_7671.TIF
70.9, _Campo2022-03-TM_0004SET_000_DJI_7681.TIF
70.9, _Campo2022-03-TM_0004SET_000_DJI_7691.TIF
70.9, _Campo2022-03-TM_0004SET_000_DJI_7701.TIF
70.9, _Campo2022-03-TM_0004SET_000_DJI_7711.TIF
70.9, _Campo2022-03-TM_0004SET_000_DJI_7721.TIF
70.9, _Campo2022-03-TM_0004SET_000_DJI_7731.TIF
70.9, _Campo2022-03-TM_0004SET_000_DJI_7741.TIF
70.9, _Campo2022-03-TM_0004SET_000_DJI_7751.TIF
70.9, _Campo2022-03-TM_0004SET_000_DJI_7761.TIF
70.9, _Campo2022-03-TM_0004SET_000_DJI_7771.TIF
70.9, _Campo2022-03-TM_0004SET_000_DJI_7781.TIF
70.9, _Campo2022-03-TM_0004SET_000_DJI_7791.TIF
70.9, _Campo2022-03-TM_0004SET_000_DJI_7801.TIF
70.9, _Campo2022-03-TM_0004SET_000_DJI_7811.TIF
70.9, _Campo2022-03-TM_0004SET_000_DJI_7821.TIF
70.9, _Campo2022-03-TM_0004SET_000_DJI_7831.TIF
70.9, _Campo2022-03-TM_0004SET_000_DJI_7841.TIF
70.9, _Campo2022-03-TM_0004SET_000_DJI_7851.TIF
70.9, _Campo2022-03-TM_0004SET_000_DJI_7861.TIF
70.9, _Campo2022-03-TM_0004SET_000_DJI_7871.TIF
70.9, _Campo2022-03-TM_0004SET_000_DJI_7881.TIF
70.9, _Campo2022-03-TM_0004SET_000_DJI_7891.TIF
70.9, _Campo2022-03-TM_0004SET_000_DJI_7901.TIF
70.9, _Campo2022-03-TM_0004SET_000_DJI_7911.TIF
70.9, _Campo2022-03-TM_0004SET_000_DJI_7921.TIF
32.3, _Campo2022-03-TM_0004SET_not90_DJI_7931.TIF
32.3, _Campo2022-03-TM_0004SET_not90_DJI_7941.TIF
28.8, _Campo2022-03-TM_0004SET_not90_DJI_7951.TIF
28.8, _Campo2022-03-TM_0004SET_not90_DJI_7961.TIF
28.8, _Campo2022-03-TM_0004SET_not90_DJI_7971.TIF
28.8, _Campo2022-03-TM_0004SET_not90_DJI_7981.TIF
28.8, _Campo2022-03-TM_0004SET_not90_DJI_7991.TIF
18.1, _Campo2022-03-TM_0004SET_not90_DJI_8001.TIF
18.1, _Campo2022-03-TM_0004SET_not90_DJI_8011.TIF
18.2, _Campo2022-03-TM_0004SET_not90_DJI_8021.TIF
89.9, _Campo2022-03-TM_0005SET_000_DJI_8191.TIF
89.9, _Campo2022-03-TM_0005SET_000_DJI_8201.TIF
89.9, _Campo2022-03-TM_0005SET_000_DJI_8211.TIF
89.9, _Campo2022-03-TM_0005SET_000_DJI_8221.TIF
89.9, _Campo2022-03-TM_0005SET_000_DJI_8231.TIF
90.0, _Campo2022-03-TM_0005SET_000_DJI_8241.TIF
90.0, _Campo2022-03-TM_0005SET_000_DJI_8251.TIF
90.0, _Campo2022-03-TM_0005SET_000_DJI_8261.TIF
90.0, _Campo2022-03-TM_0005SET_000_DJI_8271.TIF
90.0, _Campo2022-03-TM_0005SET_000_DJI_8281.TIF
68.4, _Campo2022-03-TM_0005SET_000_DJI_8291.TIF
39.7, _Campo2022-03-TM_0005SET_000_DJI_8301.TIF
36.3, _Campo2022-03-TM_0005SET_000_DJI_8311.TIF
44.6, _Campo2022-03-TM_0005SET_000_DJI_8321.TIF
89.9, _Campo2022-03-TM_0005SET_000_DJI_8331.TIF
90.0, _Campo2022-03-TM_0005SET_000_DJI_8341.TIF
89.9, _Campo2022-03-TM_0005SET_000_DJI_8351.TIF
90.0, _Campo2022-03-TM_0005SET_000_DJI_8361.TIF
89.9, _Campo2022-03-TM_0005SET_000_DJI_8371.TIF
89.9, _Campo2022-03-TM_0005SET_000_DJI_8381.TIF
90.0, _Campo2022-03-TM_0005SET_000_DJI_8391.TIF
90.0, _Campo2022-03-TM_0005SET_000_DJI_8401.TIF
89.9, _Campo2022-03-TM_0005SET_000_DJI_8431.TIF
90.0, _Campo2022-03-TM_0005SET_000_DJI_8441.TIF
89.9, _Campo2022-03-TM_0005SET_000_DJI_8451.TIF
89.9, _Campo2022-03-TM_0005SET_000_DJI_8461.TIF
90.0, _Campo2022-03-TM_0005SET_000_DJI_8471.TIF
90.0, _Campo2022-03-TM_0005SET_000_DJI_8481.TIF
89.9, _Campo2022-03-TM_0005SET_000_DJI_8491.TIF
89.9, _Campo2022-03-TM_0005SET_000_DJI_8501.TIF
90.0, _Campo2022-03-TM_0005SET_000_DJI_8511.TIF
90.0, _Campo2022-03-TM_0005SET_000_DJI_8521.TIF
89.9, _Campo2022-03-TM_0005SET_000_DJI_8531.TIF
90.0, _Campo2022-03-TM_0005SET_000_DJI_8591.TIF
90.0, _Campo2022-03-TM_0005SET_000_DJI_8601.TIF
90.0, _Campo2022-03-TM_0005SET_000_DJI_8611.TIF
90.0, _Campo2022-03-TM_0005SET_000_DJI_8621.TIF
89.9, _Campo2022-03-TM_0005SET_000_DJI_8631.TIF
90.0, _Campo2022-03-TM_0005SET_000_DJI_8641.TIF
89.9, _Campo2022-03-TM_0005SET_000_DJI_8651.TIF
90.0, _Campo2022-03-TM_0005SET_000_DJI_8661.TIF
90.0, _Campo2022-03-TM_0005SET_000_DJI_8671.TIF
89.9, _Campo2022-03-TM_0005SET_000_DJI_8681.TIF
89.9, _Campo2022-03-TM_0005SET_000_DJI_8691.TIF
85.9, _Campo2022-03-TM_0005SET_000_DJI_8701.TIF
90.0, _Campo2022-03-TM_0005SET_000_DJI_8711.TIF
89.9, _Campo2022-03-TM_0005SET_000_DJI_8721.TIF
89.9, _Campo2022-03-TM_0005SET_000_DJI_8731.TIF
90.0, _Campo2022-03-TM_0005SET_000_DJI_8741.TIF
89.9, _Campo2022-03-TM_0005SET_000_DJI_8751.TIF
90.0, _Campo2022-03-TM_0005SET_000_DJI_8761.TIF
89.9, _Campo2022-03-TM_0005SET_000_DJI_8771.TIF
90.0, _Campo2022-03-TM_0005SET_000_DJI_8781.TIF
89.9, _Campo2022-03-TM_0005SET_000_DJI_8791.TIF
89.9, _Campo2022-03-TM_0005SET_000_DJI_8801.TIF
89.9, _Campo2022-03-TM_0005SET_000_DJI_8811.TIF
89.9, _Campo2022-03-TM_0005SET_000_DJI_8821.TIF
90.0, _Campo2022-03-TM_0005SET_000_DJI_8831.TIF
89.9, _Campo2022-03-TM_0005SET_000_DJI_8841.TIF
89.9, _Campo2022-03-TM_0005SET_000_DJI_8851.TIF
89.9, _Campo2022-03-TM_0005SET_000_DJI_8861.TIF
90.0, _Campo2022-03-TM_0005SET_000_DJI_8871.TIF
89.9, _Campo2022-03-TM_0005SET_000_DJI_8881.TIF
90.0, _Campo2022-03-TM_0005SET_000_DJI_8891.TIF
89.9, _Campo2022-03-TM_0005SET_000_DJI_8901.TIF
89.9, _Campo2022-03-TM_0005SET_000_DJI_8911.TIF
21.7, _Campo2022-03-TM_0005SET_000_DJI_8921.TIF
57.4, _Campo2022-03-TM_0005SET_000_DJI_8931.TIF
51.8, _Campo2022-03-TM_0005SET_000_DJI_8941.TIF
90.0, _Campo2022-03-TM_0005SET_000_DJI_8951.TIF
89.9, _Campo2022-03-TM_0005SET_000_DJI_8961.TIF
89.9, _Campo2022-03-TM_0005SET_000_DJI_8971.TIF
89.9, _Campo2022-03-TM_0005SET_000_DJI_8981.TIF
90.0, _Campo2022-03-TM_0005SET_000_DJI_8991.TIF
89.9, _Campo2022-03-TM_0005SET_000_DJI_9001.TIF
89.9, _Campo2022-03-TM_0005SET_000_DJI_9011.TIF
89.9, _Campo2022-03-TM_0005SET_000_DJI_9021.TIF
90.0, _Campo2022-03-TM_0005SET_000_DJI_9031.TIF
89.9, _Campo2022-03-TM_0005SET_000_DJI_9041.TIF
89.9, _Campo2022-03-TM_0005SET_000_DJI_9051.TIF
90.0, _Campo2022-03-TM_0005SET_000_DJI_9061.TIF
90.0, _Campo2022-03-TM_0005SET_000_DJI_9071.TIF
89.9, _Campo2022-03-TM_0005SET_000_DJI_9081.TIF
90.0, _Campo2022-03-TM_0005SET_000_DJI_9091.TIF
90.0, _Campo2022-03-TM_0005SET_000_DJI_9101.TIF
90.0, _Campo2022-03-TM_0005SET_000_DJI_9111.TIF
90.0, _Campo2022-03-TM_0005SET_000_DJI_9121.TIF
89.9, _Campo2022-03-TM_0005SET_000_DJI_9131.TIF
89.9, _Campo2022-03-TM_0005SET_000_DJI_9141.TIF
89.9, _Campo2022-03-TM_0005SET_000_DJI_9151.TIF
89.9, _Campo2022-03-TM_0005SET_000_DJI_9161.TIF
89.9, _Campo2022-03-TM_0005SET_000_DJI_9171.TIF
89.9, _Campo2022-03-TM_0005SET_000_DJI_9181.TIF
90.0, _Campo2022-03-TM_0005SET_000_DJI_9191.TIF
89.9, _Campo2022-03-TM_0005SET_000_DJI_9201.TIF
89.9, _Campo2022-03-TM_0005SET_000_DJI_9211.TIF
89.9, _Campo2022-03-TM_0005SET_000_DJI_9221.TIF
90.0, _Campo2022-03-TM_0005SET_000_DJI_9231.TIF
90.0, _Campo2022-03-TM_0005SET_000_DJI_9241.TIF
89.9, _Campo2022-03-TM_0005SET_000_DJI_9251.TIF
89.9, _Campo2022-03-TM_0005SET_000_DJI_9261.TIF
89.9, _Campo2022-03-TM_0005SET_000_DJI_9271.TIF
89.9, _Campo2022-03-TM_0005SET_000_DJI_9281.TIF
89.9, _Campo2022-03-TM_0005SET_000_DJI_9291.TIF
89.9, _Campo2022-03-TM_0005SET_000_DJI_9301.TIF
90.0, _Campo2022-03-TM_0005SET_000_DJI_9311.TIF
89.9, _Campo2022-03-TM_0005SET_000_DJI_9321.TIF
89.9, _Campo2022-03-TM_0005SET_000_DJI_9331.TIF
90.0, _Campo2022-03-TM_0005SET_000_DJI_9341.TIF
89.9, _Campo2022-03-TM_0005SET_000_DJI_9351.TIF
89.9, _Campo2022-03-TM_0005SET_000_DJI_9361.TIF
89.9, _Campo2022-03-TM_0005SET_000_DJI_9371.TIF
89.9, _Campo2022-03-TM_0005SET_000_DJI_9381.TIF
89.9, _Campo2022-03-TM_0005SET_000_DJI_9391.TIF
90.0, _Campo2022-03-TM_0005SET_000_DJI_9401.TIF
90.0, _Campo2022-03-TM_0005SET_000_DJI_9411.TIF
90.0, _Campo2022-03-TM_0005SET_000_DJI_9421.TIF
89.9, _Campo2022-03-TM_0005SET_000_DJI_9431.TIF
90.0, _Campo2022-03-TM_0005SET_000_DJI_9441.TIF
90.0, _Campo2022-03-TM_0005SET_000_DJI_9451.TIF
90.0, _Campo2022-03-TM_0005SET_000_DJI_9461.TIF
46.5, _Campo2022-03-TM_0005SET_000_DJI_9481.TIF
90.0, _Campo2022-03-TM_0005SET_000_DJI_9491.TIF
89.9, _Campo2022-03-TM_0005SET_000_DJI_9501.TIF
89.9, _Campo2022-03-TM_0005SET_000_DJI_9511.TIF
89.9, _Campo2022-03-TM_0005SET_000_DJI_9521.TIF
90.0, _Campo2022-03-TM_0005SET_000_DJI_9531.TIF
89.9, _Campo2022-03-TM_0005SET_000_DJI_9541.TIF
89.9, _Campo2022-03-TM_0005SET_000_DJI_9551.TIF
90.0, _Campo2022-03-TM_0005SET_000_DJI_9561.TIF
89.9, _Campo2022-03-TM_0005SET_000_DJI_9571.TIF
89.9, _Campo2022-03-TM_0005SET_000_DJI_9581.TIF
89.9, _Campo2022-03-TM_0005SET_000_DJI_9591.TIF
90.0, _Campo2022-03-TM_0005SET_000_DJI_9601.TIF
90.0, _Campo2022-03-TM_0005SET_000_DJI_9611.TIF
89.9, _Campo2022-03-TM_0005SET_000_DJI_9621.TIF
90.0, _Campo2022-03-TM_0005SET_000_DJI_9631.TIF
90.0, _Campo2022-03-TM_0005SET_000_DJI_9641.TIF
90.0, _Campo2022-03-TM_0005SET_000_DJI_9651.TIF
89.9, _Campo2022-03-TM_0005SET_000_DJI_9661.TIF
89.9, _Campo2022-03-TM_0005SET_000_DJI_9671.TIF
89.9, _Campo2022-03-TM_0005SET_000_DJI_9681.TIF
89.9, _Campo2022-03-TM_0005SET_000_DJI_9691.TIF
89.9, _Campo2022-03-TM_0005SET_000_DJI_9701.TIF
90.0, _Campo2022-03-TM_0005SET_000_DJI_9711.TIF
89.9, _Campo2022-03-TM_0005SET_000_DJI_9721.TIF
90.0, _Campo2022-03-TM_0005SET_000_DJI_9731.TIF
89.9, _Campo2022-03-TM_0005SET_000_DJI_9741.TIF
89.9, _Campo2022-03-TM_0005SET_000_DJI_9751.TIF
90.0, _Campo2022-03-TM_0005SET_000_DJI_9761.TIF
89.9, _Campo2022-03-TM_0005SET_000_DJI_9771.TIF
89.9, _Campo2022-03-TM_0005SET_000_DJI_9781.TIF
89.9, _Campo2022-03-TM_0005SET_000_DJI_9821.TIF
90.0, _Campo2022-03-TM_0005SET_000_DJI_9831.TIF
89.9, _Campo2022-03-TM_0005SET_000_DJI_9841.TIF
90.0, _Campo2022-03-TM_0005SET_000_DJI_9851.TIF
89.9, _Campo2022-03-TM_0005SET_000_DJI_9861.TIF
0.0, _Campo2022-03-TM_0005SET_not90_DJI_8171.TIF
7.0, _Campo2022-03-TM_0005SET_not90_DJI_8181.TIF
16.0, _Campo2022-03-TM_0005SET_not90_DJI_8411.TIF
16.0, _Campo2022-03-TM_0005SET_not90_DJI_8421.TIF
21.4, _Campo2022-03-TM_0005SET_not90_DJI_8541.TIF
21.2, _Campo2022-03-TM_0005SET_not90_DJI_8551.TIF
18.5, _Campo2022-03-TM_0005SET_not90_DJI_8561.TIF
16.4, _Campo2022-03-TM_0005SET_not90_DJI_8571.TIF
16.4, _Campo2022-03-TM_0005SET_not90_DJI_8581.TIF
24.6, _Campo2022-03-TM_0005SET_not90_DJI_9471.TIF
30.4, _Campo2022-03-TM_0005SET_not90_DJI_9791.TIF
30.4, _Campo2022-03-TM_0005SET_not90_DJI_9801.TIF
33.7, _Campo2022-03-TM_0005SET_not90_DJI_9811.TIF
89.9, _Campo2022-03-TM_0006SET_000_DJI_0051.TIF
90.0, _Campo2022-03-TM_0006SET_000_DJI_0061.TIF
89.9, _Campo2022-03-TM_0006SET_000_DJI_0071.TIF
90.0, _Campo2022-03-TM_0006SET_000_DJI_0081.TIF
90.0, _Campo2022-03-TM_0006SET_000_DJI_0091.TIF
89.9, _Campo2022-03-TM_0006SET_000_DJI_0101.TIF
89.9, _Campo2022-03-TM_0006SET_000_DJI_0111.TIF
89.9, _Campo2022-03-TM_0006SET_000_DJI_0121.TIF
89.9, _Campo2022-03-TM_0006SET_000_DJI_0131.TIF
90.0, _Campo2022-03-TM_0006SET_000_DJI_0141.TIF
90.0, _Campo2022-03-TM_0006SET_000_DJI_0151.TIF
90.0, _Campo2022-03-TM_0006SET_000_DJI_0161.TIF
90.0, _Campo2022-03-TM_0006SET_000_DJI_0171.TIF
89.9, _Campo2022-03-TM_0006SET_000_DJI_0181.TIF
89.9, _Campo2022-03-TM_0006SET_000_DJI_0191.TIF
89.9, _Campo2022-03-TM_0006SET_000_DJI_0201.TIF
89.9, _Campo2022-03-TM_0006SET_000_DJI_0211.TIF
89.9, _Campo2022-03-TM_0006SET_000_DJI_0221.TIF
90.0, _Campo2022-03-TM_0006SET_000_DJI_0231.TIF
90.0, _Campo2022-03-TM_0006SET_000_DJI_0241.TIF
89.9, _Campo2022-03-TM_0006SET_000_DJI_0251.TIF
89.9, _Campo2022-03-TM_0006SET_000_DJI_0261.TIF
89.9, _Campo2022-03-TM_0006SET_000_DJI_0271.TIF
89.9, _Campo2022-03-TM_0006SET_000_DJI_0281.TIF
90.0, _Campo2022-03-TM_0006SET_000_DJI_0291.TIF
90.0, _Campo2022-03-TM_0006SET_000_DJI_0301.TIF
89.9, _Campo2022-03-TM_0006SET_000_DJI_0311.TIF
90.0, _Campo2022-03-TM_0006SET_000_DJI_0321.TIF
90.0, _Campo2022-03-TM_0006SET_000_DJI_0331.TIF
90.0, _Campo2022-03-TM_0006SET_000_DJI_0341.TIF
89.9, _Campo2022-03-TM_0006SET_000_DJI_0351.TIF
90.0, _Campo2022-03-TM_0006SET_000_DJI_0361.TIF
90.0, _Campo2022-03-TM_0006SET_000_DJI_0371.TIF
89.9, _Campo2022-03-TM_0006SET_000_DJI_0381.TIF
89.9, _Campo2022-03-TM_0006SET_000_DJI_0391.TIF
90.0, _Campo2022-03-TM_0006SET_000_DJI_0401.TIF
90.0, _Campo2022-03-TM_0006SET_000_DJI_0411.TIF
90.0, _Campo2022-03-TM_0006SET_000_DJI_0421.TIF
89.9, _Campo2022-03-TM_0006SET_000_DJI_0431.TIF
89.9, _Campo2022-03-TM_0006SET_000_DJI_0441.TIF
89.9, _Campo2022-03-TM_0006SET_000_DJI_0451.TIF
90.0, _Campo2022-03-TM_0006SET_000_DJI_0461.TIF
90.0, _Campo2022-03-TM_0006SET_000_DJI_0471.TIF
89.9, _Campo2022-03-TM_0006SET_000_DJI_0481.TIF
90.0, _Campo2022-03-TM_0006SET_000_DJI_0491.TIF
89.9, _Campo2022-03-TM_0006SET_000_DJI_0501.TIF
90.0, _Campo2022-03-TM_0006SET_000_DJI_0511.TIF
89.9, _Campo2022-03-TM_0006SET_000_DJI_0521.TIF
90.0, _Campo2022-03-TM_0006SET_000_DJI_0531.TIF
89.9, _Campo2022-03-TM_0006SET_000_DJI_0541.TIF
90.0, _Campo2022-03-TM_0006SET_000_DJI_0551.TIF
90.0, _Campo2022-03-TM_0006SET_000_DJI_0561.TIF
90.0, _Campo2022-03-TM_0006SET_000_DJI_0571.TIF
89.9, _Campo2022-03-TM_0006SET_000_DJI_0581.TIF
89.9, _Campo2022-03-TM_0006SET_000_DJI_0591.TIF
89.9, _Campo2022-03-TM_0006SET_000_DJI_0601.TIF
90.0, _Campo2022-03-TM_0006SET_000_DJI_0611.TIF
89.9, _Campo2022-03-TM_0006SET_000_DJI_0621.TIF
79.8, _Campo2022-03-TM_0006SET_000_DJI_0631.TIF
79.8, _Campo2022-03-TM_0006SET_000_DJI_0641.TIF
62.0, _Campo2022-03-TM_0006SET_000_DJI_0651.TIF
51.7, _Campo2022-03-TM_0006SET_000_DJI_0661.TIF
34.1, _Campo2022-03-TM_0006SET_000_DJI_0671.TIF
28.3, _Campo2022-03-TM_0006SET_000_DJI_0681.TIF
20.8, _Campo2022-03-TM_0006SET_000_DJI_0691.TIF
20.8, _Campo2022-03-TM_0006SET_000_DJI_0701.TIF
25.8, _Campo2022-03-TM_0006SET_000_DJI_0711.TIF
69.9, _Campo2022-03-TM_0006SET_000_DJI_0721.TIF
90.0, _Campo2022-03-TM_0006SET_000_DJI_0731.TIF
90.0, _Campo2022-03-TM_0006SET_000_DJI_0741.TIF
90.0, _Campo2022-03-TM_0006SET_000_DJI_0751.TIF
89.9, _Campo2022-03-TM_0006SET_000_DJI_0761.TIF
89.9, _Campo2022-03-TM_0006SET_000_DJI_0771.TIF
89.9, _Campo2022-03-TM_0006SET_000_DJI_0781.TIF
89.9, _Campo2022-03-TM_0006SET_000_DJI_0791.TIF
90.0, _Campo2022-03-TM_0006SET_000_DJI_0801.TIF
90.0, _Campo2022-03-TM_0006SET_000_DJI_0811.TIF
90.0, _Campo2022-03-TM_0006SET_000_DJI_0821.TIF
90.0, _Campo2022-03-TM_0006SET_000_DJI_0831.TIF
89.9, _Campo2022-03-TM_0006SET_000_DJI_0841.TIF
89.9, _Campo2022-03-TM_0006SET_000_DJI_0851.TIF
89.9, _Campo2022-03-TM_0006SET_000_DJI_0861.TIF
89.9, _Campo2022-03-TM_0006SET_000_DJI_0871.TIF
89.9, _Campo2022-03-TM_0006SET_000_DJI_0881.TIF
89.9, _Campo2022-03-TM_0006SET_000_DJI_0891.TIF
89.9, _Campo2022-03-TM_0006SET_000_DJI_0901.TIF
89.9, _Campo2022-03-TM_0006SET_000_DJI_0911.TIF
89.9, _Campo2022-03-TM_0006SET_000_DJI_0921.TIF
89.9, _Campo2022-03-TM_0006SET_000_DJI_0931.TIF
72.2, _Campo2022-03-TM_0006SET_000_DJI_0941.TIF
47.7, _Campo2022-03-TM_0006SET_000_DJI_0951.TIF
89.9, _Campo2022-03-TM_0006SET_000_DJI_0961.TIF
64.9, _Campo2022-03-TM_0006SET_000_DJI_0971.TIF
44.4, _Campo2022-03-TM_0006SET_000_DJI_0981.TIF
89.9, _Campo2022-03-TM_0006SET_000_DJI_0991.TIF
89.9, _Campo2022-03-TM_0006SET_000_DJI_1001.TIF
90.0, _Campo2022-03-TM_0006SET_000_DJI_1011.TIF
90.0, _Campo2022-03-TM_0006SET_000_DJI_1021.TIF
90.0, _Campo2022-03-TM_0006SET_000_DJI_1031.TIF
89.9, _Campo2022-03-TM_0006SET_000_DJI_1041.TIF
90.0, _Campo2022-03-TM_0006SET_000_DJI_1051.TIF
90.0, _Campo2022-03-TM_0006SET_000_DJI_1061.TIF
90.0, _Campo2022-03-TM_0006SET_000_DJI_1071.TIF
89.9, _Campo2022-03-TM_0006SET_000_DJI_1081.TIF
89.9, _Campo2022-03-TM_0006SET_000_DJI_1091.TIF
89.9, _Campo2022-03-TM_0006SET_000_DJI_1101.TIF
90.0, _Campo2022-03-TM_0006SET_000_DJI_1111.TIF
90.0, _Campo2022-03-TM_0006SET_000_DJI_1121.TIF
89.9, _Campo2022-03-TM_0006SET_000_DJI_1131.TIF
89.9, _Campo2022-03-TM_0006SET_000_DJI_1141.TIF
90.0, _Campo2022-03-TM_0006SET_000_DJI_1151.TIF
89.9, _Campo2022-03-TM_0006SET_000_DJI_1161.TIF
90.0, _Campo2022-03-TM_0006SET_000_DJI_1171.TIF
89.9, _Campo2022-03-TM_0006SET_000_DJI_1181.TIF
89.9, _Campo2022-03-TM_0006SET_000_DJI_1191.TIF
89.9, _Campo2022-03-TM_0006SET_000_DJI_1201.TIF
90.0, _Campo2022-03-TM_0006SET_000_DJI_1211.TIF
90.0, _Campo2022-03-TM_0006SET_000_DJI_1221.TIF
89.9, _Campo2022-03-TM_0006SET_000_DJI_1231.TIF
90.0, _Campo2022-03-TM_0006SET_000_DJI_1241.TIF
90.0, _Campo2022-03-TM_0006SET_000_DJI_1251.TIF
89.9, _Campo2022-03-TM_0006SET_000_DJI_1261.TIF
89.9, _Campo2022-03-TM_0006SET_000_DJI_1271.TIF
89.9, _Campo2022-03-TM_0006SET_000_DJI_1281.TIF
90.0, _Campo2022-03-TM_0006SET_000_DJI_1291.TIF
55.9, _Campo2022-03-TM_0006SET_000_DJI_1301.TIF
43.0, _Campo2022-03-TM_0006SET_000_DJI_1311.TIF
89.9, _Campo2022-03-TM_0006SET_000_DJI_1321.TIF
77.1, _Campo2022-03-TM_0006SET_000_DJI_1331.TIF
89.9, _Campo2022-03-TM_0006SET_000_DJI_1341.TIF
82.8, _Campo2022-03-TM_0006SET_000_DJI_1351.TIF
89.9, _Campo2022-03-TM_0006SET_000_DJI_1361.TIF
89.9, _Campo2022-03-TM_0006SET_000_DJI_1371.TIF
90.0, _Campo2022-03-TM_0006SET_000_DJI_1381.TIF
89.9, _Campo2022-03-TM_0006SET_000_DJI_1391.TIF
90.0, _Campo2022-03-TM_0006SET_000_DJI_1401.TIF
90.0, _Campo2022-03-TM_0006SET_000_DJI_1411.TIF
90.0, _Campo2022-03-TM_0006SET_000_DJI_1421.TIF
90.0, _Campo2022-03-TM_0006SET_000_DJI_1431.TIF
89.9, _Campo2022-03-TM_0006SET_000_DJI_1441.TIF
89.9, _Campo2022-03-TM_0006SET_000_DJI_1451.TIF
89.9, _Campo2022-03-TM_0006SET_000_DJI_1461.TIF
90.0, _Campo2022-03-TM_0006SET_000_DJI_1471.TIF
89.9, _Campo2022-03-TM_0006SET_000_DJI_1481.TIF
90.0, _Campo2022-03-TM_0006SET_000_DJI_1491.TIF
89.9, _Campo2022-03-TM_0006SET_000_DJI_1501.TIF
90.0, _Campo2022-03-TM_0006SET_000_DJI_1511.TIF
90.0, _Campo2022-03-TM_0006SET_000_DJI_1521.TIF
89.9, _Campo2022-03-TM_0006SET_000_DJI_1531.TIF
89.9, _Campo2022-03-TM_0006SET_000_DJI_1541.TIF
90.0, _Campo2022-03-TM_0006SET_000_DJI_1551.TIF
90.0, _Campo2022-03-TM_0006SET_000_DJI_1561.TIF
90.0, _Campo2022-03-TM_0006SET_000_DJI_1571.TIF
89.9, _Campo2022-03-TM_0006SET_000_DJI_1581.TIF
90.0, _Campo2022-03-TM_0006SET_000_DJI_1631.TIF
89.9, _Campo2022-03-TM_0006SET_000_DJI_1641.TIF
89.9, _Campo2022-03-TM_0006SET_000_DJI_1651.TIF
90.0, _Campo2022-03-TM_0006SET_000_DJI_1661.TIF
89.9, _Campo2022-03-TM_0006SET_000_DJI_1671.TIF
89.9, _Campo2022-03-TM_0006SET_000_DJI_1681.TIF
89.9, _Campo2022-03-TM_0006SET_000_DJI_1691.TIF
89.9, _Campo2022-03-TM_0006SET_000_DJI_1701.TIF
90.0, _Campo2022-03-TM_0006SET_000_DJI_1711.TIF
90.0, _Campo2022-03-TM_0006SET_000_DJI_1721.TIF
90.0, _Campo2022-03-TM_0006SET_000_DJI_1731.TIF
89.9, _Campo2022-03-TM_0006SET_000_DJI_1741.TIF
89.9, _Campo2022-03-TM_0006SET_000_DJI_1751.TIF
90.0, _Campo2022-03-TM_0006SET_000_DJI_1761.TIF
90.0, _Campo2022-03-TM_0006SET_000_DJI_1771.TIF
69.4, _Campo2022-03-TM_0006SET_000_DJI_1781.TIF
69.4, _Campo2022-03-TM_0006SET_000_DJI_1791.TIF
62.9, _Campo2022-03-TM_0006SET_000_DJI_1801.TIF
30.4, _Campo2022-03-TM_0006SET_000_DJI_1811.TIF
30.4, _Campo2022-03-TM_0006SET_000_DJI_1821.TIF
46.6, _Campo2022-03-TM_0006SET_000_DJI_1831.TIF
53.0, _Campo2022-03-TM_0006SET_000_DJI_1841.TIF
90.0, _Campo2022-03-TM_0006SET_000_DJI_1851.TIF
90.0, _Campo2022-03-TM_0006SET_000_DJI_1861.TIF
89.9, _Campo2022-03-TM_0006SET_000_DJI_1871.TIF
90.0, _Campo2022-03-TM_0006SET_000_DJI_1881.TIF
90.0, _Campo2022-03-TM_0006SET_000_DJI_1891.TIF
89.9, _Campo2022-03-TM_0006SET_000_DJI_1901.TIF
89.9, _Campo2022-03-TM_0006SET_000_DJI_1911.TIF
90.0, _Campo2022-03-TM_0006SET_000_DJI_1921.TIF
90.0, _Campo2022-03-TM_0006SET_000_DJI_1931.TIF
89.9, _Campo2022-03-TM_0006SET_000_DJI_1941.TIF
90.0, _Campo2022-03-TM_0006SET_000_DJI_1951.TIF
90.0, _Campo2022-03-TM_0006SET_000_DJI_1961.TIF
90.0, _Campo2022-03-TM_0006SET_000_DJI_1971.TIF
89.9, _Campo2022-03-TM_0006SET_000_DJI_1981.TIF
89.9, _Campo2022-03-TM_0006SET_000_DJI_1991.TIF
89.9, _Campo2022-03-TM_0006SET_000_DJI_2001.TIF
90.0, _Campo2022-03-TM_0006SET_000_DJI_2011.TIF
90.0, _Campo2022-03-TM_0006SET_000_DJI_2021.TIF
90.0, _Campo2022-03-TM_0006SET_000_DJI_2031.TIF
89.9, _Campo2022-03-TM_0006SET_000_DJI_2041.TIF
89.9, _Campo2022-03-TM_0006SET_000_DJI_2051.TIF
89.9, _Campo2022-03-TM_0006SET_000_DJI_2061.TIF
90.0, _Campo2022-03-TM_0006SET_000_DJI_2071.TIF
89.9, _Campo2022-03-TM_0006SET_000_DJI_2081.TIF
89.9, _Campo2022-03-TM_0006SET_000_DJI_2091.TIF
89.9, _Campo2022-03-TM_0006SET_000_DJI_2101.TIF
90.0, _Campo2022-03-TM_0006SET_000_DJI_2111.TIF
89.9, _Campo2022-03-TM_0006SET_000_DJI_2121.TIF
90.0, _Campo2022-03-TM_0006SET_000_DJI_2131.TIF
89.9, _Campo2022-03-TM_0006SET_000_DJI_2141.TIF
90.0, _Campo2022-03-TM_0006SET_000_DJI_2151.TIF
90.0, _Campo2022-03-TM_0006SET_000_DJI_2161.TIF
13.1, _Campo2022-03-TM_0006SET_not90_DJI_0011.TIF
23.9, _Campo2022-03-TM_0006SET_not90_DJI_0021.TIF
23.9, _Campo2022-03-TM_0006SET_not90_DJI_0031.TIF
23.9, _Campo2022-03-TM_0006SET_not90_DJI_0041.TIF
56.3, _Campo2022-03-TM_0006SET_not90_DJI_1591.TIF
46.3, _Campo2022-03-TM_0006SET_not90_DJI_1601.TIF
37.5, _Campo2022-03-TM_0006SET_not90_DJI_1611.TIF
34.6, _Campo2022-03-TM_0006SET_not90_DJI_1621.TIF
5.2, _Campo2022-03-TM_0006SET_not90_DJI_2171.TIF
76.2, _Campo2022-03-TM_0007SET_000_DJI_2271.TIF
71.2, _Campo2022-03-TM_0007SET_000_DJI_2281.TIF
79.6, _Campo2022-03-TM_0007SET_000_DJI_2291.TIF
79.7, _Campo2022-03-TM_0007SET_000_DJI_2301.TIF
89.9, _Campo2022-03-TM_0007SET_000_DJI_2311.TIF
84.0, _Campo2022-03-TM_0007SET_000_DJI_2321.TIF
84.0, _Campo2022-03-TM_0007SET_000_DJI_2331.TIF
75.2, _Campo2022-03-TM_0007SET_000_DJI_2341.TIF
73.5, _Campo2022-03-TM_0007SET_000_DJI_2351.TIF
70.6, _Campo2022-03-TM_0007SET_000_DJI_2361.TIF
90.0, _Campo2022-03-TM_0007SET_000_DJI_2411.TIF
71.4, _Campo2022-03-TM_0007SET_000_DJI_2421.TIF
77.8, _Campo2022-03-TM_0007SET_000_DJI_2431.TIF
73.5, _Campo2022-03-TM_0007SET_000_DJI_2441.TIF
